{
  "model_name": "efficientnet_b0",
  "mode": "fine_tuning",
  "best_val_accuracy": 90.0,
  "training_history": {
    "train_loss": [
      0.7697343641491028,
      0.5734030785417198,
      0.49952095454063467,
      0.45040403432578807,
      0.42184576279320135,
      0.3838760998545651,
      0.3713216098469777,
      0.3550894553673161,
      0.33060446476292626,
      0.32228860175892743
    ],
    "train_acc": [
      67.36842105263158,
      77.01298701298701,
      79.97265892002734,
      82.37183868762816,
      83.41763499658236,
      85.12645249487355,
      85.89883800410117,
      86.17908407382092,
      87.13602187286398,
      87.52563226247437
    ],
    "val_loss": [
      0.6933578537305196,
      0.578726001183192,
      0.5070813477834065,
      0.44418904078006743,
      0.39333629270394643,
      0.39579288083314895,
      0.36053494294484456,
      0.31598641244570413,
      0.30771753887335457,
      0.3173608002463977
    ],
    "val_acc": [
      73.06666666666666,
      78.53333333333333,
      81.73333333333333,
      84.86666666666667,
      86.93333333333332,
      86.4,
      88.0,
      89.60000000000001,
      89.06666666666668,
      90.0
    ],
    "learning_rates": [
      1e-05,
      1e-05,
      1e-05,
      1e-05,
      1e-05,
      1e-05,
      1e-05,
      1e-05,
      1e-05,
      1e-05
    ]
  },
  "training_parameters": {
    "image_size": 64,
    "batch_size": 8,
    "num_classes": 3,
    "device": "cpu"
  },
  "timestamp": "20251127_153649"
}