{
  "model_name": "resnet18",
  "mode": "fine_tuning",
  "best_val_accuracy": 93.13333333333334,
  "training_history": {
    "train_loss": [
      0.7654494228830748,
      0.5185488362448393,
      0.43990557287461285,
      0.40598343119320607,
      0.37165270011085233,
      0.3527585081873246,
      0.3296651252057156,
      0.31019318301589704,
      0.3043761882770575,
      0.2782024065884351
    ],
    "train_acc": [
      66.38414217361586,
      79.87012987012987,
      83.0416951469583,
      84.42925495557074,
      85.76896787423102,
      86.25427204374573,
      87.42993848257005,
      88.52358168147641,
      88.4278879015721,
      89.59671907040328
    ],
    "val_loss": [
      0.5277131750384967,
      0.41214555319150287,
      0.334450692375501,
      0.299477970957756,
      0.2808595522244771,
      0.24922869194547334,
      0.2259009973605474,
      0.23975500937302907,
      0.1959432216535012,
      0.19410028920695185
    ],
    "val_acc": [
      81.2,
      84.6,
      87.93333333333334,
      89.8,
      90.06666666666666,
      91.06666666666666,
      92.26666666666667,
      91.66666666666666,
      92.80000000000001,
      93.13333333333334
    ],
    "learning_rates": [
      1e-05,
      1e-05,
      1e-05,
      1e-05,
      1e-05,
      1e-05,
      1e-05,
      1e-05,
      1e-05,
      1e-05
    ]
  },
  "training_parameters": {
    "image_size": 64,
    "batch_size": 8,
    "num_classes": 3,
    "device": "cpu"
  },
  "timestamp": "20251127_000338"
}