{
  "model_name": "efficientnet_b0",
  "mode": "feature_extraction",
  "best_val_accuracy": 75.06666666666668,
  "training_history": {
    "train_loss": [
      0.8073842035852224,
      0.6621172949620818,
      0.6355802318451752,
      0.6170298599903501,
      0.6058232023059221,
      0.6112392695326554,
      0.6053697112522464,
      0.5970117583066246,
      0.5989012978497386
    ],
    "train_acc": [
      65.14695830485304,
      72.67942583732058,
      73.93711551606287,
      74.19685577580314,
      75.14695830485304,
      74.9419002050581,
      74.72317156527683,
      75.78263841421736,
      75.07177033492823
    ],
    "val_loss": [
      0.7687989009221395,
      0.715058109442393,
      0.7011256275177002,
      0.6593778338432312,
      0.6382059679826101,
      0.6410831430753072,
      0.6353176627953847,
      0.6302872320016225,
      0.6511759975751241
    ],
    "val_acc": [
      69.26666666666667,
      71.13333333333334,
      71.2,
      73.2,
      73.8,
      73.53333333333333,
      75.06666666666668,
      74.46666666666667,
      72.46666666666667
    ],
    "learning_rates": [
      1e-05,
      1e-05,
      1e-05,
      1e-05,
      1e-05,
      1e-05,
      1e-05,
      1e-05,
      1e-05
    ]
  },
  "training_parameters": {
    "image_size": 64,
    "batch_size": 8,
    "num_classes": 3,
    "device": "cpu"
  },
  "timestamp": "20251127_140531"
}