{
  "model_name": "resnet18",
  "mode": "feature_extraction",
  "best_val_accuracy": 84.39999999999999,
  "training_history": {
    "train_loss": [
      0.8305077967583441,
      0.6248981869310365,
      0.5679596493240912,
      0.5405311676955598,
      0.5237998052321308,
      0.5218420860625584,
      0.516815103475394,
      0.5017328015721504,
      0.5095565405086712,
      0.4952577409521
    ],
    "train_acc": [
      62.365003417635,
      74.8257006151743,
      77.46411483253588,
      78.16814764183185,
      79.12508544087491,
      79.24128503075872,
      79.22077922077922,
      80.19138755980862,
      79.7470950102529,
      80.63568010936432
    ],
    "val_loss": [
      0.6152818116346995,
      0.5223461758295695,
      0.49558673322200775,
      0.4889139267603556,
      0.4537980552713076,
      0.45107782367865246,
      0.4255384443004926,
      0.42238623050848645,
      0.41161996203660967,
      0.42564512354135514
    ],
    "val_acc": [
      75.0,
      79.53333333333333,
      81.0,
      81.13333333333334,
      82.26666666666667,
      82.26666666666667,
      84.2,
      84.39999999999999,
      84.39999999999999,
      84.13333333333334
    ],
    "learning_rates": [
      1e-05,
      1e-05,
      1e-05,
      1e-05,
      1e-05,
      1e-05,
      1e-05,
      1e-05,
      1e-05,
      1e-05
    ]
  },
  "training_parameters": {
    "image_size": 64,
    "batch_size": 8,
    "num_classes": 3,
    "device": "cpu"
  },
  "timestamp": "20251126_220051"
}